[{"@type":"mtTask","id":"@1","name":"s_m_lkp_dummy","description":"\nConverted using O2N","runtimeEnvironmentId":"@8oEf67019DVeZYKiIGLb8n","maxLogs":10,"verbose":false,"mappingId":"@2dJS9FTaKSFfmZS2cDpQih","shortDescription":"\nConverted using O2N","sessionPropertiesList":[{"name":"Additional Concurrent Pipelines for Lookup Cache Creation","value":"Auto","recommended":false},{"name":"Allow Pushdown for User Incompatible Connections","value":"NO","recommended":false},{"name":"Allow Temporary Sequence for Pushdown","value":"NO","recommended":false},{"name":"Allow Temporary View for Pushdown","value":"NO","recommended":false},{"name":"Cache LOOKUP() function","value":"YES","recommended":false},{"name":"Commit Interval","value":"10000","recommended":false},{"name":"Commit On End Of File","value":"YES","recommended":false},{"name":"Commit Type","value":"Target","recommended":false},{"name":"Constraint based load ordering","value":"NO","recommended":false},{"name":"Data Column Delimiter","value":"|","recommended":false},{"name":"DateTime Format String","value":"MM/DD/YYYY HH24:MI:SS.US","recommended":false},{"name":"Default buffer block size","value":"Auto","recommended":false},{"name":"DTM buffer size","value":"Auto","recommended":false},{"name":"Error Log File Name","value":"PMError.log","recommended":false},{"name":"Error Log Type","value":"None","recommended":false},{"name":"Incremental Aggregation","value":"NO","recommended":false},{"name":"Line Sequential buffer length","value":"1024","recommended":false},{"name":"Log Row Data","value":"YES","recommended":false},{"name":"Log Source Row Data","value":"NO","recommended":false},{"name":"Maximum Memory Allowed For Auto Memory Attributes","value":"512MB","recommended":false},{"name":"Maximum Percentage of Total Memory Allowed For Auto Memory Attributes","value":"5","recommended":false},{"name":"On Pre-Post SQL error","value":"Stop","recommended":false},{"name":"On Pre-session command task error","value":"Stop","recommended":false},{"name":"On Stored Procedure error","value":"Stop","recommended":false},{"name":"Override tracing","value":"None","recommended":false},{"name":"Pre 85 Timestamp Compatibility","value":"NO","recommended":false},{"name":"Pushdown Optimization","value":"None","recommended":false},{"name":"Rollback Transactions on Errors","value":"NO","recommended":false},{"name":"Session Log File directory","value":"$PMSessionLogDir\\","recommended":false},{"name":"Session Log File Name","value":"s_m_lkp_dummy.log","recommended":false},{"name":"Session retry on deadlock","value":"NO","recommended":false},{"name":"Session Sort Order","value":"BINARY","recommended":false},{"name":"Stop on errors","value":"0","recommended":false},{"name":"Treat source rows as","value":"Insert","recommended":false},{"name":"Write Backward Compatible Session Log File","value":"NO","recommended":false}],"enableCrossSchemaPushdown":false,"enableParallelRun":false,"autoTunedApplied":false,"autoTunedAppliedType":"NONE","parameterFileName":"","parameterFileDir":"","schemaMode":"async","serverlessProperties":{},"taskProperties":[{"@type":"taskProperty","name":"parameterFileDir","currentValue":"","type":"STRING","label":"label.parameterFileDir","required":false},{"@type":"taskProperty","name":"parameterFileName","currentValue":"","type":"STRING","label":"label.parameterFileName","required":false}],"parameters":[{"@type":"mtTaskParameter","id":2329798,"name":"$SQ_CONTR_ACCT_YR_MO$","type":"EXTENDED_SOURCE","label":"SQ_CONTR_ACCT_YR_MOSrcParameter","description":"","uiProperties":{"cnxtype":"Snowflake Cloud Data Warehouse V2","connectionParameterized":"true","logcnx":"SQ_CONTR_ACCT_YR_MOSrcParameter","isMsrcFilterParameterized":"false","isMsrcSortParameterized":"false","objectParameterized":"false","visible":"false"},"sourceConnectionId":"@2P8ptnE5cSCiNlRwcyKjKq","newFlatFile":false,"newObject":false,"showBusinessNames":true,"naturalOrder":true,"truncateTarget":false,"bulkApiDBTarget":false,"srcFFAttrs":{"@type":"flatFileAttrs","id":571599,"delimiter":"|","textQualifier":"NONE","escapeChar":"","headerLineNo":1,"firstDataRow":2},"customFuncCfg":{"@type":"customFuncConfig","id":-1,"connections":[],"inputMap":[],"outputFields":[]},"tgtFieldRefs":{},"targetUpdateColumns":[],"extendedObject":{"@type":"extendedObject","object":{"@type":"mObject","name":"SALES/PUBLIC/CONTR_ACCT_YR_MO","label":"SALES/PUBLIC/CONTR_ACCT_YR_MO","metadataUpdated":false,"relations":[],"children":[]},"userDefinedJoin":"/*GE2*/ \nSELECT DISTINCT \nCAYM.CONTR_RS_ACCT_YR_MO_SK, \nWRK.RE_ACCT_CD, \nSUBSTR(WRK.LNKG_RS_ENTY_CD,3,4) AS B_RE_CO_CD, \nCAYM.VAL_CTG_CD, \nCAYM.VAL_QUAL_CD, \nPFLOS.STUY_CO_CD, \nPFLOS.TAX_PLTDV_CD, \nPFLOS.SPC_CONTR_CD, \nPFLOS.RT_LN_CD, \nACTV_CD, \nCAYM.VAL_ASCR_CD, \nCAYM.US_CURY_AMT, \n'CED' AS INS_CD,  \nCAYM.ONSET_OFSET_CD, \nCRP.REC_PYBL_SRCE_CD, \nPFLOS.MCC_CD, \nPFLOS.TAX_CTRY_ID, \nPFLOS.PRDT_CD, \nPFLOS.RTG_CLSN_CD, \nDCLECT.TRN_RSN_CD, \n' ' NEW_RNWL_CD, \nPFLOS.CMGMT_DIVS_CD AS DIVISION,  \nPFLOS.CMGMT_MGMT_RESP_CD AS MANAGEMENTRESPONSIBILITY,  \nPFLOS.CMGMT_MKTG_RESP_CD AS MARKETINGRESPONSIBILITY,  \nPFLOS.CMGMT_PRFY_ANL_CD AS PROFITABILITYANALYSISCODE,   \n' ' AS PRODUCTLINECODE,  \nPFLOS.SO_CD , \nPFLOS.MOD_BK_LN_CD, \nCONTR.CONTR_EFF_DT AS EXPOSUREYEAR, \n' ' AS GENERATEDSTATUTORYCOMPANYCODE, \nPFLOS.TAX_PLTDV_CD, \n' ' AS NOFAULTINDICATOR, \nPFLOS.PROD_ID AGENCYPRODUCERCODE, \n' ' AS REINSURANCECOMPANYTRTYCODE,  \n' ' AS REINSURANCEACCOUNTCODE,  \n' ' AS GENERATEDTRANSACTIONCODE,  \nCRP.CASH_ENTY_CD AS COLLECTIONCOMPANY, \n' ' AS NOTUSEDITHINK,  \n'CED ' AS CONVERTEDINSURANCECODE,  \nEXTRACT(YEAR FROM DCLECT.ENT_DT) AS ENTRYYEAR, \nCASE WHEN EXTRACT(YEAR FROM REF.REFD_CONTR_EFF_DT) IS NULL THEN EXTRACT(YEAR FROM CONTR.CONTR_EFF_DT) ELSE EXTRACT(YEAR FROM REF.REFD_CONTR_EFF_DT) END POLICYYEAR,  \n--NULL AS CONVERTEDTERMCODE, \nROUND (MONTHS_BETWEEN(CAYM.DATA_XPIR_DT, CAYM.DATA_EFF_DT) + .49)  AS CONVERTEDTERMCODE, \nCAYM.DATA_EFF_DT AS TRANSACTIONEFFECTIVEDATE, \nCAYM.DATA_XPIR_DT AS TRANSACTIONEXPIRATIONDATE, \n0 AS WRITTENPREMIUMAMOUNT,  \n0 AS COMMISSIONAMOUNT,  \n0 AS ORIGINALPREMIUMAMOUNT, \n'08' AS INPUTFILENUMBER,  \nWRK_AYM.ACCT_YR||LPAD(WRK_AYM.ACCT_MO,2,'0') AS ACCOUNTYEARMONTH,  \nCASE WHEN REF.REFD_CONTR_ID IS NULL THEN CONTR.CONTR_ID ELSE REF.REFD_CONTR_ID END AS EISCONVERTEDPOLICYNUMBER,  \nCASE WHEN REF.REFD_CONTR_EFF_DT IS NULL THEN CONTR.CONTR_EFF_DT ELSE REF.REFD_CONTR_EFF_DT END AS POLICYINCEPTIONDATE, \nPFLOS.BUS_CLSN_CD, \n' ' AS EXPIRATIONDATE,  \n' ' AS SHEETLINECODE,  \nPFLOS.RTG_CLSN_CD, \n' ' AS ERDFORMATCODE,  \n' ' AS ACCOUNTINGCOMPANYNOTUSED,  \n' ' AS BASICBOOKLINE,  \nCASE WHEN TRIM(PFLOS.COV_BASIS_CD) IN ('O') THEN '3' ELSE '2' END  AS EISLIABILITYCOVCODE,  \n' ' AS NONEISLIABILITYCOVCODE,  \nPFLOS.SPC_CONTR_CD, \n' 'TRANSACTIONCODE,  \n' 'RETROREINSFLAG, \n'' AS GENIUSINDICATOR, \nTRN.SYS_SRCE_CD, \nPFLOS.COV_BASIS_CD, \n$$CYCLEID AS CREATED_CYC_ID, \nCASE WHEN COALESCE(BKNG_VAL_CTG_CD,CAYM.VAL_CTG_CD) = 'CW' THEN 'CW' WHEN  COALESCE(BKNG_VAL_CTG_CD,CAYM.VAL_CTG_CD) = 'PW' THEN 'PW' ELSE 'SC' END AS MONEY_TYPE, \nCASE WHEN REF.REFD_CONTR_ID IS NULL THEN CONTR.CONTR_ID ELSE REF.REFD_CONTR_ID END AS CONTR_ID, \nCASE WHEN REF.REFD_CONTR_EFF_DT IS NULL THEN CONTR.CONTR_EFF_DT ELSE REF.REFD_CONTR_EFF_DT END AS CONTR_EFF_DT, \n--WRK.CONTR_EFF_DT AS CONTR_EFF_DT, --MC REPLACED TO USE REF CONTR_EFF_DT \nCASE WHEN REF.REFD_CONTR_ID IS NULL THEN CAYM.DATA_EFF_DT ELSE REF.REFD_CONTR_EFF_DT END  AS DATA_EFF_DT, \nCAYM.DATA_XPIR_DT AS DATA_XPIR_DT, \nTRN.SRCE_TRN_ID, \nTRN.TRN_SK, \nTRN.SRCE_SYS_SRCE_CD, \nWRK.CONTR_PNT_IN_TIME_SK,  \nCONTR.CONTR_SK,  \nWRK.RTG_DET_SK,  \nWRK.TRN_SK CPIT_TRN_SK,  \nWRK.OFSET_CONTR_PNT_IN_TIME_SK,  \nCONTR.CONTR_XPIR_DT AS POL_XPIR_DT, \nTRN.PLND_ACCT_YR_AND_MO, \nTRN.SRCE_SYS_PLND_ACCT_YR_MO, \nTRN.SRCE_SYS_ACTL_ACCT_YR_MO, \nTRN.ACTL_ACCT_YR_AND_MO, \n$$CURR_AYM AS CURR_AYM, \nCVDT.SPC_COV_CD, \nCVDT.RETRO_DT, \nCONTR.CONTR_LN_CD, \nCVPT.COV_LAY_NO, \nCVPT.PRIM_EXS_CD, \nCOV_LOC.COVED_LOC_NO, \nCASE WHEN DWL.DWLG_TP_CD IS NULL THEN DWL1.DWLG_TP_CD ELSE DWL.DWLG_TP_CD END AS DWLG_TP_CD, \nCASE WHEN DWL.OCPNCY_TP_CD IS NULL THEN DWL1.OCPNCY_TP_CD ELSE DWL.OCPNCY_TP_CD END AS OCPNCY_TP_CD, \nCASE WHEN DWL.USE_TP_CD IS NULL THEN DWL1.USE_TP_CD ELSE DWL.USE_TP_CD END AS USE_TP_CD, \nRTD_COV.COV_TP_CD , \nRTD_COV.PERL_CD , \nCASE WHEN VEH.VEH_TP_CD IS NULL THEN VEH1.VEH_TP_CD ELSE VEH.VEH_TP_CD END AS VEH_TP_CD, \n'    ' AS ATL_FT_YEAR, \nCOALESCE(CVDT.COV_OPT_CD,''), \nWRK_AYM.ACCT_YR||LPAD(WRK_AYM.ACCT_MO,2,'0') AS ACTG_YR_MO, \n'' AS MOD_ACTG_YR_MO, \n'' AS MLTYR_IND, \n' ' AS MLTYR_IND, \nCONTR.CONTR_SEC_ID --added CONTR_SEC_ID ATL-5585 \nFROM \n(SELECT * FROM $$SRC_SCHEMA.CONTR_RS_ACCT_YR_MO WHERE (CREATED_CYC_ID IN ($$DWCYCLEID) OR UPD_CYC_ID IN ($$DWCYCLEID)))CAYM  \nLEFT JOIN $$SRC_SCHEMA.$$WRK_CEDED_PF WRK  \nON WRK.CONTR_RS_ACCT_YR_MO_SK=CAYM.CONTR_RS_ACCT_YR_MO_SK  \n \nJOIN $$SRC_SCHEMA.TRN TRN ON CAYM.TRN_SK=TRN.TRN_SK  \n \nLEFT JOIN $$SRC_SCHEMA.$$WRK_AYM_PREM WRK_AYM ON TRN.TRN_SK = WRK_AYM.TRN_SK \n \nLEFT JOIN  \n(SELECT DISTINCT P2.CONTR_RS_ACCT_YR_MO_SK,P2.CONTR_RS_LNKG_SK,P2.CAYM_TRN_SK, \n       P1.STUY_CO_CD ,P1.TAX_CTRY_ID ,P1.TAX_PLTDV_CD ,P1.SPC_CONTR_CD ,P1.MCC_CD,P1.PRDT_CD ,P1.RTG_CLSN_CD ,P1.RT_LN_CD ,P1.PROD_ID, \n       P1.CMGMT_DIVS_CD ,P1.CMGMT_MGMT_RESP_CD,P1.CMGMT_MKTG_RESP_CD,P1.CMGMT_PRFY_ANL_CD,P1.SO_CD ,P1.MOD_BK_LN_CD ,P1.BUS_CLSN_CD,P1.COV_BASIS_CD \nFROM $$SRC_SCHEMA.CONTR_RS_PRF_AND_LOS P1  \nJOIN (SELECT DISTINCT WRK.CONTR_RS_ACCT_YR_MO_SK,WRK.CONTR_RS_LNKG_SK,WRK.CAYM_TRN_SK, \n                     MAX(PFLOS.CONTR_RS_PRF_AND_LOS_SK||PFLOS.STRTG_TRN_SK||COALESCE(PFLOS.DATA_EFF_DT,'1900-01-01 00:00:00')) MAXDT \n              FROM $$SRC_SCHEMA.$$WRK_CEDED_PF WRK \n              JOIN (SELECT DISTINCT CONTR_RS_PRF_AND_LOS_SK,DATA_EFF_DT,CONTR_RS_LNKG_SK,STRTG_TRN_SK FROM $$SRC_SCHEMA.CONTR_RS_PRF_AND_LOS \n\t\t\t  WHERE CREATED_CYC_ID IN (SELECT  CYCLE_ID FROM $$OPS_SCHEMA.CYCLE_HEADER WHERE PROCESS_NM IN $$PROCESS_NM) \n\t\t\t  ) PFLOS  \n                     ON WRK.CONTR_RS_LNKG_SK=PFLOS.CONTR_RS_LNKG_SK AND PFLOS.STRTG_TRN_SK <= WRK.CAYM_TRN_SK \n              GROUP BY WRK.CONTR_RS_ACCT_YR_MO_SK,WRK.CONTR_RS_LNKG_SK,WRK.CAYM_TRN_SK)P2  \n       ON (P1.CONTR_RS_PRF_AND_LOS_SK||P1.STRTG_TRN_SK||COALESCE(P1.DATA_EFF_DT,'1900-01-01 00:00:00'))=P2.MAXDT  \n) PFLOS  \nON PFLOS.CONTR_RS_ACCT_YR_MO_SK=WRK.CONTR_RS_ACCT_YR_MO_SK  \n       AND PFLOS.CONTR_RS_LNKG_SK=WRK.CONTR_RS_LNKG_SK  \n       AND PFLOS.CAYM_TRN_SK=WRK.CAYM_TRN_SK \n \n       \nLEFT JOIN (SELECT DISTINCT ENT_DT,TRN_SK,TRN_RSN_CD FROM $$SRC_SCHEMA.DATA_ENT_CLECT \nWHERE CREATED_CYC_ID IN (SELECT  CYCLE_ID FROM $$OPS_SCHEMA.CYCLE_HEADER WHERE PROCESS_NM IN $$PROCESS_NM) \n) DCLECT ON DCLECT.TRN_SK=WRK.CAYM_TRN_SK \n \nLEFT JOIN (SELECT DISTINCT SPC_COV_CD,RETRO_DT,STRTG_TRN_SK,COV_DET_SK,DATA_EFF_DT,COV_OPT_CD FROM $$SRC_SCHEMA.COV_DET \nWHERE CREATED_CYC_ID IN (SELECT  CYCLE_ID FROM $$OPS_SCHEMA.CYCLE_HEADER WHERE PROCESS_NM IN $$PROCESS_NM) \n) CVDT  \nON WRK.COV_DET_SK=CVDT.COV_DET_SK     \n\tAND WRK.COV_DET_STRTG_TRN_SK=CVDT.STRTG_TRN_SK     \n\tAND COALESCE(WRK.COV_DET_DATA_EFF_DT, '1900-01-01 00:00:00') = COALESCE(CVDT.DATA_EFF_DT, '1900-01-01 00:00:00')  \n \n     \n \n \n \nLEFT JOIN ( SELECT CONTR_RS_FINCL_AMT_SK,STRTG_TRN_SK,ENDG_TRN_SK, US_CURY_AMT FROM $$SRC_SCHEMA.CONTR_RS_FINCL_AMT  \nWHERE CREATED_CYC_ID IN (SELECT  CYCLE_ID FROM $$OPS_SCHEMA.CYCLE_HEADER WHERE PROCESS_NM IN $$PROCESS_NM) \n) CFIN_OFF  \n    ON CFIN_OFF.CONTR_RS_FINCL_AMT_SK = CAYM.CONTR_RS_FINCL_AMT_SK  \n    AND CASE WHEN CAYM.ONSET_OFSET_CD = 'N' THEN CFIN_OFF.STRTG_TRN_SK = CAYM.TRN_SK  WHEN  CAYM.ONSET_OFSET_CD = 'F' THEN CFIN_OFF.ENDG_TRN_SK=CAYM.TRN_SK END \n    AND CASE WHEN CAYM.ONSET_OFSET_CD = 'N' THEN CFIN_OFF.US_CURY_AMT = CAYM.US_CURY_AMT  WHEN  CAYM.ONSET_OFSET_CD = 'F' THEN -CFIN_OFF.US_CURY_AMT=CAYM.US_CURY_AMT END \n \n        \n        \nLEFT JOIN (SELECT DISTINCT VAL_QUAL_CD,VAL_CTG_CD,DATA_EFF_DT,DATA_XPIR_DT,POSTING_IND,BKNG_VAL_CTG_CD FROM $$SRC_SCHEMA.MAP_VAL_CTG_TO_BKNG_VAL_CTG \nWHERE  POSTING_IND='Y') MONEY \n      ON   NVL(CAYM.VAL_QUAL_CD,'') =  NVL(MONEY.VAL_QUAL_CD,'')    \nAND  NVL(CAYM.VAL_CTG_CD,'') =  NVL(MONEY.VAL_CTG_CD,'')  \n       AND MONEY.DATA_XPIR_DT = '9999-12-31 00:00:00'  \n/*ATL 4255 CHANGES*/ \n/*NEW JOIN*/ \nLEFT JOIN (SELECT  COVED_LOC_SK,STRTG_TRN_SK, DATA_EFF_DT,COVED_LOC_NO  \nFROM $$SRC_SCHEMA.COVED_LOC WHERE CREATED_CYC_ID IN  \n(SELECT  CYCLE_ID FROM $$OPS_SCHEMA.CYCLE_HEADER WHERE PROCESS_NM IN $$PROCESS_NM) \nGROUP BY COVED_LOC_SK, STRTG_TRN_SK, DATA_EFF_DT,COVED_LOC_NO  \n) COV_LOC \nON WRK.COVED_LOC_SK=COV_LOC.COVED_LOC_SK AND \nWRK.COVED_LOC_STRTG_TRN_SK =COV_LOC.STRTG_TRN_SK AND  \nWRK.COVED_LOC_DATA_EFF_DT=COV_LOC.DATA_EFF_DT \n \n/*NEW JOIN*/ \nLEFT JOIN (SELECT  RTD_COV_SK, STRTG_TRN_SK, DATA_EFF_DT,COV_TP_CD,RPAD(LTRIM(SPC_COV_CD),13,'') AS SPC_COV_CD,PERL_CD \nFROM $$SRC_SCHEMA.RTD_COV WHERE CREATED_CYC_ID IN  \n(SELECT  CYCLE_ID FROM $$OPS_SCHEMA.CYCLE_HEADER WHERE PROCESS_NM IN $$PROCESS_NM) \nGROUP BY RTD_COV_SK, STRTG_TRN_SK,DATA_EFF_DT,COV_TP_CD,SPC_COV_CD,PERL_CD \n)RTD_COV \nON WRK.RTD_COV_SK=RTD_COV.RTD_COV_SK AND \nWRK.RTD_COV_STRTG_TRN_SK=RTD_COV.STRTG_TRN_SK AND  \nWRK.RTD_COV_DATA_EFF_DT=RTD_COV.DATA_EFF_DT \n \n/*NEW JOIN*/ \nLEFT JOIN (SELECT  CONTR_ID,CONTR_SK, STRTG_TRN_SK, DATA_EFF_DT,CONTR_LN_CD,CONTR_XPIR_DT,CONTR_EFF_DT,CONTR_SEC_ID --added CONTR_SEC_ID ATL-5585 \nFROM $$SRC_SCHEMA.CONTR WHERE CREATED_CYC_ID IN  \n(SELECT  CYCLE_ID FROM $$OPS_SCHEMA.CYCLE_HEADER WHERE PROCESS_NM IN $$PROCESS_NM) \nGROUP BY CONTR_SK, STRTG_TRN_SK, DATA_EFF_DT,CONTR_LN_CD,CONTR_XPIR_DT,CONTR_EFF_DT,CONTR_ID,CONTR_SEC_ID \n)CONTR \nON WRK.CONTR_SK=CONTR.CONTR_SK AND \nWRK.CONTR_STRTG_TRN_SK=CONTR.STRTG_TRN_SK AND  \nWRK.CONTR_DATA_EFF_DT=CONTR.DATA_EFF_DT \n \nJOIN ( SELECT DISTINCT CONTR_ID,STRTG_TRN_SK,RS_CONTR_REC_PYBL_AMT_SK,REC_PYBL_SRCE_CD,CASH_ENTY_CD FROM $$SRC_SCHEMA.RS_CONTR_REC_PYBL_AMT  \nWHERE CREATED_CYC_ID IN (SELECT  CYCLE_ID FROM $$OPS_SCHEMA.CYCLE_HEADER WHERE PROCESS_NM IN $$PROCESS_NM) \n) CRP  \n    ON CONTR.CONTR_ID = CRP.CONTR_ID AND CRP.STRTG_TRN_SK = CFIN_OFF.STRTG_TRN_SK \n\t \n\t \n\tLEFT OUTER JOIN   \n(SELECT  DISTINCT R.CONTR_SK, R.REFD_CONTR_SK, C.CONTR_ID AS REFD_CONTR_ID, C.CONTR_EFF_DT AS REFD_CONTR_EFF_DT, C.CONTR_SEC_ID AS REFD_CONTR_SEC_ID \n      FROM  $$SRC_SCHEMA.CONTR_REF R \n      INNER JOIN $$SRC_SCHEMA.CONTR C ON R.REFD_CONTR_SK = C.CONTR_SK \n      WHERE  REFD_DATA_TP_CD = 'DC' \n) REF ON CONTR.CONTR_SK = REF.CONTR_SK \n\t \nLEFT JOIN (SELECT DISTINCT COV_PT_SK,STRTG_TRN_SK,DATA_EFF_DT,COV_PT_CD,PRIM_EXS_CD,SO_CD,PROD_ID,COV_LAY_NO,PYMT_FRQ FROM $$SRC_SCHEMA.COV_PT \nWHERE CREATED_CYC_ID IN (SELECT  CYCLE_ID FROM $$OPS_SCHEMA.CYCLE_HEADER WHERE PROCESS_NM IN $$PROCESS_NM) \n) CVPT     \n\tON WRK.COV_PT_SK=CVPT.COV_PT_SK     \n\tAND WRK.COV_PT_STRTG_TRN_SK=CVPT.STRTG_TRN_SK     \n\t AND COALESCE(WRK.COV_PT_DATA_EFF_DT, '1900-01-01 00:00:00') = COALESCE(CVPT.DATA_EFF_DT, '1900-01-01 00:00:00') \n \n/*NEW JOIN*/ \n \n   LEFT JOIN (SELECT DISTINCT STRTG_TRN_SK,COVIT_LIST_SK, DATA_EFF_DT ,DWLG_TP_CD,OCPNCY_TP_CD,USE_TP_CD \n                              FROM $$SRC_SCHEMA.DWLG DWL \n                     JOIN $$SRC_SCHEMA.TRN TR ON TR.TRN_SK = DWL.STRTG_TRN_SK  \n\t\t\t\t\t WHERE TR.SYS_SRCE_CD='GE2' \n\t\t\t\t\t ) DWL\t\t\t\t  \nON  \n DWL.COVIT_LIST_SK=WRK.COVIT_LIST_SK  \nAND DWL.STRTG_TRN_SK=WRK.COVIT_LIST_STRTG_TRN_SK \nAND DWL.DATA_EFF_DT=WRK.COVIT_LIST_DATA_EFF_DT\t \n \n/*LEVEL 2 CHECK- DWL*/ \nLEFT JOIN \n( SELECT DISTINCT CONTR_RS_ACCT_YR_MO_SK,COVIT_LIST_SK,CONTR_SK,DWLG_TP_CD,OCPNCY_TP_CD,USE_TP_CD \n \n \n       FROM \n       ( SELECT CPT.CONTR_RS_ACCT_YR_MO_SK,DWL.COVIT_LIST_SK,DWL.CONTR_SK,DWLG_TP_CD,OCPNCY_TP_CD,USE_TP_CD, \n              ROW_NUMBER() OVER(PARTITION BY CPT.CONTR_RS_ACCT_YR_MO_SK,DWL.COVIT_LIST_SK, DWL.CONTR_SK \n                                   ORDER BY DWL.STRTG_TRN_SK DESC) RN \n       FROM $$SRC_SCHEMA.WRK_CEDED_PF  CPT \n        LEFT JOIN (SELECT CONTR_SK,STRTG_TRN_SK,COVIT_LIST_SK, DATA_EFF_DT ,DWLG_TP_CD,OCPNCY_TP_CD,USE_TP_CD \n                                  FROM $$SRC_SCHEMA.DWLG DWL \n                     JOIN $$SRC_SCHEMA.TRN TR ON TR.TRN_SK = DWL.STRTG_TRN_SK  ) DWL  \n              ON   \n             DWL.COVIT_LIST_SK=CPT.COVIT_LIST_SK )T WHERE RN=1 \n  ) DWL1 ON CAYM.CONTR_RS_ACCT_YR_MO_SK=DWL1.CONTR_RS_ACCT_YR_MO_SK AND DWL1.CONTR_SK=WRK.CONTR_SK AND DWL1.COVIT_LIST_SK=WRK.COVIT_LIST_SK \n \n/*NEW JOIN*/ \nLEFT JOIN (SELECT DISTINCT STRTG_TRN_SK,COVIT_LIST_SK, DATA_EFF_DT ,VEH_TP_CD \n                                  FROM $$SRC_SCHEMA.VEH VEH \n                     JOIN $$SRC_SCHEMA.TRN TR ON TR.TRN_SK = VEH.STRTG_TRN_SK  ) VEH \nON  \nVEH.COVIT_LIST_SK=WRK.COVIT_LIST_SK  \nAND VEH.STRTG_TRN_SK=WRK.COVIT_LIST_STRTG_TRN_SK \nAND VEH.DATA_EFF_DT=WRK.COVIT_LIST_DATA_EFF_DT\t \n \n/*LEVEL 2 CHECK*/ \nLEFT JOIN ( \nSELECT DISTINCT CONTR_RS_ACCT_YR_MO_SK,CONTR_SK,VEH_TP_CD,COVIT_LIST_SK \n       FROM \n       (SELECT CPT.CONTR_RS_ACCT_YR_MO_SK, VEH.CONTR_SK,VEH.COVIT_LIST_SK,VEH_TP_CD,  \n              ROW_NUMBER() OVER(PARTITION BY CPT.CONTR_RS_ACCT_YR_MO_SK,VEH.COVIT_LIST_SK, VEH.CONTR_SK \n                                   ORDER BY VEH.STRTG_TRN_SK DESC) RN \n       FROM $$SRC_SCHEMA.WRK_CEDED_PF  CPT \n        LEFT JOIN (SELECT STRTG_TRN_SK,CONTR_SK,COVIT_LIST_SK, DATA_EFF_DT ,VEH_TP_CD  \n                                  FROM $$SRC_SCHEMA.VEH VEH \n                     JOIN $$SRC_SCHEMA.TRN TR ON TR.TRN_SK = VEH.STRTG_TRN_SK  ) VEH  \n       ON   VEH.COVIT_LIST_SK=CPT.COVIT_LIST_SK )T WHERE RN=1 \n       ) VEH1 ON CAYM.CONTR_RS_ACCT_YR_MO_SK=VEH1.CONTR_RS_ACCT_YR_MO_SK AND VEH1.CONTR_SK=WRK.CONTR_SK AND VEH1.COVIT_LIST_SK=WRK.COVIT_LIST_SK \n \nWHERE  \nWRK.ATT_STUS_CD NOT IN ( 'A','R') \nAND  \nTRN.SYS_SRCE_CD IN $$SYS_SRCE_CD AND TRN.SRCE_SYS_SRCE_CD IN $$SRCE_SYS_SRCE_CD \nAND CASE WHEN MONEY.VAL_CTG_CD IS NULL THEN CAYM.VAL_CTG_CD  ELSE MONEY.BKNG_VAL_CTG_CD END IN ('PW','CW') \nORDER BY CAYM.CONTR_RS_ACCT_YR_MO_SK,TRN.TRN_SK","filters":[],"sortFields":[]},"runtimeAttrs":{},"isRESTModernSource":true,"isFileList":false,"handleSpecialChars":false,"frsAsset":false,"dynamicFileName":false,"currentlyProcessedFileName":false,"tgtObjectAttributes":{},"runtimeParameterData":{"@type":"mtTaskRuntimeParameterData","isConnectionRuntimeParameter":false,"isObjectRuntimeParameter":false,"connectionParameterName":"SQ_CONTR_ACCT_YR_MOSrcParameter"},"overriddenFields":[]},{"@type":"mtTaskParameter","id":2329799,"name":"$WRK_PREM_POSTING_TBL_SUSP$","type":"TARGET","label":"WRK_PREM_POSTING_TBL_SUSPTgtParameter","description":"","uiProperties":{"cnxtype":"Snowflake Cloud Data Warehouse V2","connectionParameterized":"true","logcnx":"WRK_PREM_POSTING_TBL_SUSPTgtParameter","default":"SALES/PUBLIC/WRK_PREM_POSTING_TBL_SUSP","objectParameterized":"false","visible":"false","defaultTargetUpdateColumns":""},"targetConnectionId":"@2P8ptnE5cSCiNlRwcyKjKq","targetObject":"SALES/PUBLIC/WRK_PREM_POSTING_TBL_SUSP","targetObjectLabel":"SALES/PUBLIC/WRK_PREM_POSTING_TBL_SUSP","newFlatFile":false,"newObject":false,"showBusinessNames":true,"naturalOrder":true,"truncateTarget":false,"bulkApiDBTarget":false,"operationType":"Insert","tgtFFAttrs":{"@type":"flatFileAttrs","id":571600,"delimiter":"|","textQualifier":"NONE","escapeChar":"","headerLineNo":1},"customFuncCfg":{"@type":"customFuncConfig","id":-1,"connections":[],"inputMap":[],"outputFields":[]},"tgtFieldRefs":{},"targetUpdateColumns":[],"extendedObject":{"@type":"extendedObject","filters":[],"sortFields":[]},"runtimeAttrs":{"Additional Write Runtime Parameters":"","Table Name":"","Warehouse":"","Schema":"PUBLIC","UpdateMode":"Update As Update","Number of local staging files":"","Pre SQL":"","Truncate Target Table":"NO","Post SQL":"","Role":"","Tracing Level":"Normal","Database":"SALES","Batch Row Size":"","SQL Override":""},"isRESTModernSource":true,"isFileList":false,"handleSpecialChars":false,"frsAsset":false,"dynamicFileName":false,"currentlyProcessedFileName":false,"tgtObjectAttributes":{},"runtimeParameterData":{"@type":"mtTaskRuntimeParameterData","isConnectionRuntimeParameter":false,"isObjectRuntimeParameter":false,"connectionParameterName":"WRK_PREM_POSTING_TBL_SUSPTgtParameter"},"overriddenFields":[]},{"@type":"mtTaskParameter","id":2329800,"name":"$Shortcut_to_lkp_CLECT_CO$","type":"LOOKUP","label":"Shortcut_to_lkp_CLECT_COLookupParameter","description":"","uiProperties":{"cnxtype":"Snowflake Cloud Data Warehouse V2","connectionParameterized":"true","logcnx":"Shortcut_to_lkp_CLECT_COLookupParameter","isCachedLookup":"true","multipleMatchPolicy":"Use Any Value","default":"SALES/PUBLIC/LKP_SRC_Shortcut_to_lkp_CLECT_CO","objectParameterized":"false","visible":"false"},"lookupConnectionId":"@2P8ptnE5cSCiNlRwcyKjKq","lookupObject":"SALES/PUBLIC/LKP_SRC_Shortcut_to_lkp_CLECT_CO","lookupObjectLabel":"SALES/PUBLIC/LKP_SRC_Shortcut_to_lkp_CLECT_CO","newFlatFile":false,"newObject":false,"showBusinessNames":true,"naturalOrder":true,"truncateTarget":false,"bulkApiDBTarget":false,"lkpFFAttrs":{"@type":"flatFileAttrs","id":571601,"delimiter":"|","textQualifier":"NONE","escapeChar":"","headerLineNo":1,"firstDataRow":2},"customFuncCfg":{"@type":"customFuncConfig","id":-1,"connections":[],"inputMap":[],"outputFields":[]},"tgtFieldRefs":{},"targetUpdateColumns":[],"runtimeAttrs":{},"isRESTModernSource":true,"isFileList":false,"handleSpecialChars":false,"frsAsset":false,"dynamicFileName":false,"currentlyProcessedFileName":false,"tgtObjectAttributes":{},"runtimeParameterData":{"@type":"mtTaskRuntimeParameterData","isConnectionRuntimeParameter":false,"isObjectRuntimeParameter":false,"connectionParameterName":"Shortcut_to_lkp_CLECT_COLookupParameter"},"overriddenFields":[]},{"@type":"mtTaskParameter","id":2329801,"name":"$Shortcut_to_lkp_INS_CD1$","type":"LOOKUP","label":"Shortcut_to_lkp_INS_CD1LookupParameter","description":"","uiProperties":{"cnxtype":"Snowflake Cloud Data Warehouse V2","connectionParameterized":"true","logcnx":"Shortcut_to_lkp_INS_CD1LookupParameter","isCachedLookup":"true","multipleMatchPolicy":"Use Any Value","default":"SALES/PUBLIC/LKP_SRC_Shortcut_to_lkp_INS_CD1","objectParameterized":"false","visible":"false"},"lookupConnectionId":"@2P8ptnE5cSCiNlRwcyKjKq","lookupObject":"SALES/PUBLIC/LKP_SRC_Shortcut_to_lkp_INS_CD1","lookupObjectLabel":"SALES/PUBLIC/LKP_SRC_Shortcut_to_lkp_INS_CD1","newFlatFile":false,"newObject":false,"showBusinessNames":true,"naturalOrder":true,"truncateTarget":false,"bulkApiDBTarget":false,"lkpFFAttrs":{"@type":"flatFileAttrs","id":571602,"delimiter":"|","textQualifier":"NONE","escapeChar":"","headerLineNo":1,"firstDataRow":2},"customFuncCfg":{"@type":"customFuncConfig","id":-1,"connections":[],"inputMap":[],"outputFields":[]},"tgtFieldRefs":{},"targetUpdateColumns":[],"runtimeAttrs":{},"isRESTModernSource":true,"isFileList":false,"handleSpecialChars":false,"frsAsset":false,"dynamicFileName":false,"currentlyProcessedFileName":false,"tgtObjectAttributes":{},"runtimeParameterData":{"@type":"mtTaskRuntimeParameterData","isConnectionRuntimeParameter":false,"isObjectRuntimeParameter":false,"connectionParameterName":"Shortcut_to_lkp_INS_CD1LookupParameter"},"overriddenFields":[]},{"@type":"mtTaskParameter","id":2329802,"name":"$Shortcut_to_lkp_ST_CD$","type":"LOOKUP","label":"Shortcut_to_lkp_ST_CDLookupParameter","description":"","uiProperties":{"cnxtype":"Snowflake Cloud Data Warehouse V2","connectionParameterized":"true","logcnx":"Shortcut_to_lkp_ST_CDLookupParameter","isCachedLookup":"true","multipleMatchPolicy":"Use Any Value","default":"SALES/PUBLIC/LKP_SRC_Shortcut_to_lkp_ST_CD","objectParameterized":"false","visible":"false"},"lookupConnectionId":"@2P8ptnE5cSCiNlRwcyKjKq","lookupObject":"SALES/PUBLIC/LKP_SRC_Shortcut_to_lkp_ST_CD","lookupObjectLabel":"SALES/PUBLIC/LKP_SRC_Shortcut_to_lkp_ST_CD","newFlatFile":false,"newObject":false,"showBusinessNames":true,"naturalOrder":true,"truncateTarget":false,"bulkApiDBTarget":false,"lkpFFAttrs":{"@type":"flatFileAttrs","id":571603,"delimiter":"|","textQualifier":"NONE","escapeChar":"","headerLineNo":1,"firstDataRow":2},"customFuncCfg":{"@type":"customFuncConfig","id":-1,"connections":[],"inputMap":[],"outputFields":[]},"tgtFieldRefs":{},"targetUpdateColumns":[],"runtimeAttrs":{},"isRESTModernSource":true,"isFileList":false,"handleSpecialChars":false,"frsAsset":false,"dynamicFileName":false,"currentlyProcessedFileName":false,"tgtObjectAttributes":{},"runtimeParameterData":{"@type":"mtTaskRuntimeParameterData","isConnectionRuntimeParameter":false,"isObjectRuntimeParameter":false,"connectionParameterName":"Shortcut_to_lkp_ST_CDLookupParameter"},"overriddenFields":[]},{"@type":"mtTaskParameter","id":2329803,"name":"$Shortcut_to_lkp_SUB_CO_CD$","type":"LOOKUP","label":"Shortcut_to_lkp_SUB_CO_CDLookupParameter","description":"","uiProperties":{"cnxtype":"Snowflake Cloud Data Warehouse V2","connectionParameterized":"true","logcnx":"Shortcut_to_lkp_SUB_CO_CDLookupParameter","isCachedLookup":"true","multipleMatchPolicy":"Use Any Value","default":"SALES/PUBLIC/LKP_SRC_Shortcut_to_lkp_SUB_CO_CD","objectParameterized":"true","objDesc":""},"lookupConnectionId":"@2P8ptnE5cSCiNlRwcyKjKq","lookupObject":"ASQ_SRC_Shortcut_to_lkp_SUB_CO_CD","lookupObjectLabel":"ASQ_SRC_Shortcut_to_lkp_SUB_CO_CD","newFlatFile":false,"newObject":false,"showBusinessNames":false,"naturalOrder":false,"truncateTarget":false,"bulkApiDBTarget":false,"customFuncCfg":{"@type":"customFuncConfig","id":-1,"connections":[],"inputMap":[],"outputFields":[]},"tgtFieldRefs":{},"targetUpdateColumns":[],"runtimeAttrs":{},"isRESTModernSource":true,"isFileList":false,"handleSpecialChars":false,"frsAsset":false,"dynamicFileName":false,"currentlyProcessedFileName":false,"tgtObjectAttributes":{},"runtimeParameterData":{"@type":"mtTaskRuntimeParameterData","isConnectionRuntimeParameter":false,"isObjectRuntimeParameter":false,"connectionParameterName":"Shortcut_to_lkp_SUB_CO_CDLookupParameter"},"overriddenFields":[]},{"@type":"mtTaskParameter","id":2329804,"name":"$Shortcut_to_lkp_TRN_CD1$","type":"LOOKUP","label":"Shortcut_to_lkp_TRN_CD1LookupParameter","description":"","uiProperties":{"cnxtype":"Snowflake Cloud Data Warehouse V2","connectionParameterized":"true","logcnx":"Shortcut_to_lkp_TRN_CD1LookupParameter","isCachedLookup":"true","multipleMatchPolicy":"Use Any Value","default":"SALES/PUBLIC/LKP_SRC_Shortcut_to_lkp_TRN_CD1","objectParameterized":"false","visible":"false"},"lookupConnectionId":"@2P8ptnE5cSCiNlRwcyKjKq","lookupObject":"SALES/PUBLIC/LKP_SRC_Shortcut_to_lkp_TRN_CD1","lookupObjectLabel":"SALES/PUBLIC/LKP_SRC_Shortcut_to_lkp_TRN_CD1","newFlatFile":false,"newObject":false,"showBusinessNames":true,"naturalOrder":true,"truncateTarget":false,"bulkApiDBTarget":false,"lkpFFAttrs":{"@type":"flatFileAttrs","id":571604,"delimiter":"|","textQualifier":"NONE","escapeChar":"","headerLineNo":1,"firstDataRow":2},"customFuncCfg":{"@type":"customFuncConfig","id":-1,"connections":[],"inputMap":[],"outputFields":[]},"tgtFieldRefs":{},"targetUpdateColumns":[],"runtimeAttrs":{},"isRESTModernSource":true,"isFileList":false,"handleSpecialChars":false,"frsAsset":false,"dynamicFileName":false,"currentlyProcessedFileName":false,"tgtObjectAttributes":{},"runtimeParameterData":{"@type":"mtTaskRuntimeParameterData","isConnectionRuntimeParameter":false,"isObjectRuntimeParameter":false,"connectionParameterName":"Shortcut_to_lkp_TRN_CD1LookupParameter"},"overriddenFields":[]},{"@type":"mtTaskParameter","id":2329805,"name":"$Shortcut_to_lkp_TRN_CD2$","type":"LOOKUP","label":"Shortcut_to_lkp_TRN_CD2LookupParameter","description":"","uiProperties":{"cnxtype":"Snowflake Cloud Data Warehouse V2","connectionParameterized":"true","logcnx":"Shortcut_to_lkp_TRN_CD2LookupParameter","isCachedLookup":"true","multipleMatchPolicy":"Use Any Value","default":"SALES/PUBLIC/LKP_SRC_Shortcut_to_lkp_TRN_CD2","objectParameterized":"false","visible":"false"},"lookupConnectionId":"@2P8ptnE5cSCiNlRwcyKjKq","lookupObject":"SALES/PUBLIC/LKP_SRC_Shortcut_to_lkp_TRN_CD2","lookupObjectLabel":"SALES/PUBLIC/LKP_SRC_Shortcut_to_lkp_TRN_CD2","newFlatFile":false,"newObject":false,"showBusinessNames":true,"naturalOrder":true,"truncateTarget":false,"bulkApiDBTarget":false,"lkpFFAttrs":{"@type":"flatFileAttrs","id":571605,"delimiter":"|","textQualifier":"NONE","escapeChar":"","headerLineNo":1,"firstDataRow":2},"customFuncCfg":{"@type":"customFuncConfig","id":-1,"connections":[],"inputMap":[],"outputFields":[]},"tgtFieldRefs":{},"targetUpdateColumns":[],"runtimeAttrs":{},"isRESTModernSource":true,"isFileList":false,"handleSpecialChars":false,"frsAsset":false,"dynamicFileName":false,"currentlyProcessedFileName":false,"tgtObjectAttributes":{},"runtimeParameterData":{"@type":"mtTaskRuntimeParameterData","isConnectionRuntimeParameter":false,"isObjectRuntimeParameter":false,"connectionParameterName":"Shortcut_to_lkp_TRN_CD2LookupParameter"},"overriddenFields":[]},{"@type":"mtTaskParameter","id":2329806,"name":"$Shortcut_to_lkp_TRN_CD3$","type":"LOOKUP","label":"Shortcut_to_lkp_TRN_CD3LookupParameter","description":"","uiProperties":{"cnxtype":"Snowflake Cloud Data Warehouse V2","connectionParameterized":"true","logcnx":"Shortcut_to_lkp_TRN_CD3LookupParameter","isCachedLookup":"true","multipleMatchPolicy":"Use Any Value","default":"SALES/PUBLIC/LKP_SRC_Shortcut_to_lkp_TRN_CD3","objectParameterized":"false","visible":"false"},"lookupConnectionId":"@2P8ptnE5cSCiNlRwcyKjKq","lookupObject":"SALES/PUBLIC/LKP_SRC_Shortcut_to_lkp_TRN_CD3","lookupObjectLabel":"SALES/PUBLIC/LKP_SRC_Shortcut_to_lkp_TRN_CD3","newFlatFile":false,"newObject":false,"showBusinessNames":true,"naturalOrder":true,"truncateTarget":false,"bulkApiDBTarget":false,"lkpFFAttrs":{"@type":"flatFileAttrs","id":571606,"delimiter":"|","textQualifier":"NONE","escapeChar":"","headerLineNo":1,"firstDataRow":2},"customFuncCfg":{"@type":"customFuncConfig","id":-1,"connections":[],"inputMap":[],"outputFields":[]},"tgtFieldRefs":{},"targetUpdateColumns":[],"runtimeAttrs":{},"isRESTModernSource":true,"isFileList":false,"handleSpecialChars":false,"frsAsset":false,"dynamicFileName":false,"currentlyProcessedFileName":false,"tgtObjectAttributes":{},"runtimeParameterData":{"@type":"mtTaskRuntimeParameterData","isConnectionRuntimeParameter":false,"isObjectRuntimeParameter":false,"connectionParameterName":"Shortcut_to_lkp_TRN_CD3LookupParameter"},"overriddenFields":[]},{"@type":"mtTaskParameter","id":2329807,"name":"$Shortcut_to_lkp_TRN_CD4$","type":"LOOKUP","label":"Shortcut_to_lkp_TRN_CD4LookupParameter","description":"","uiProperties":{"cnxtype":"Snowflake Cloud Data Warehouse V2","connectionParameterized":"true","logcnx":"Shortcut_to_lkp_TRN_CD4LookupParameter","isCachedLookup":"true","multipleMatchPolicy":"Use Any Value","default":"SALES/PUBLIC/LKP_SRC_Shortcut_to_lkp_TRN_CD4","objectParameterized":"false","visible":"false"},"lookupConnectionId":"@2P8ptnE5cSCiNlRwcyKjKq","lookupObject":"SALES/PUBLIC/LKP_SRC_Shortcut_to_lkp_TRN_CD4","lookupObjectLabel":"SALES/PUBLIC/LKP_SRC_Shortcut_to_lkp_TRN_CD4","newFlatFile":false,"newObject":false,"showBusinessNames":true,"naturalOrder":true,"truncateTarget":false,"bulkApiDBTarget":false,"lkpFFAttrs":{"@type":"flatFileAttrs","id":571607,"delimiter":"|","textQualifier":"NONE","escapeChar":"","headerLineNo":1,"firstDataRow":2},"customFuncCfg":{"@type":"customFuncConfig","id":-1,"connections":[],"inputMap":[],"outputFields":[]},"tgtFieldRefs":{},"targetUpdateColumns":[],"runtimeAttrs":{},"isRESTModernSource":true,"isFileList":false,"handleSpecialChars":false,"frsAsset":false,"dynamicFileName":false,"currentlyProcessedFileName":false,"tgtObjectAttributes":{},"runtimeParameterData":{"@type":"mtTaskRuntimeParameterData","isConnectionRuntimeParameter":false,"isObjectRuntimeParameter":false,"connectionParameterName":"Shortcut_to_lkp_TRN_CD4LookupParameter"},"overriddenFields":[]},{"@type":"mtTaskParameter","id":2329808,"name":"$lkp_BKLN_MOD_BASIC$","type":"LOOKUP","label":"lkp_BKLN_MOD_BASICLookupParameter","description":"","uiProperties":{"cnxtype":"Snowflake Cloud Data Warehouse V2","connectionParameterized":"true","logcnx":"lkp_BKLN_MOD_BASICLookupParameter","isCachedLookup":"true","multipleMatchPolicy":"Use Any Value","default":"SALES/PUBLIC/LKP_SRC_lkp_BKLN_MOD_BASIC","objectParameterized":"false","visible":"false"},"lookupConnectionId":"@2P8ptnE5cSCiNlRwcyKjKq","lookupObject":"SALES/PUBLIC/LKP_SRC_lkp_BKLN_MOD_BASIC","lookupObjectLabel":"SALES/PUBLIC/LKP_SRC_lkp_BKLN_MOD_BASIC","newFlatFile":false,"newObject":false,"showBusinessNames":true,"naturalOrder":true,"truncateTarget":false,"bulkApiDBTarget":false,"lkpFFAttrs":{"@type":"flatFileAttrs","id":571608,"delimiter":"|","textQualifier":"NONE","escapeChar":"","headerLineNo":1,"firstDataRow":2},"customFuncCfg":{"@type":"customFuncConfig","id":-1,"connections":[],"inputMap":[],"outputFields":[]},"tgtFieldRefs":{},"targetUpdateColumns":[],"runtimeAttrs":{},"isRESTModernSource":true,"isFileList":false,"handleSpecialChars":false,"frsAsset":false,"dynamicFileName":false,"currentlyProcessedFileName":false,"tgtObjectAttributes":{},"runtimeParameterData":{"@type":"mtTaskRuntimeParameterData","isConnectionRuntimeParameter":false,"isObjectRuntimeParameter":false,"connectionParameterName":"lkp_BKLN_MOD_BASICLookupParameter"},"overriddenFields":[]},{"@type":"mtTaskParameter","id":2329809,"name":"$lkp_B_CLECT_CO_CD$","type":"LOOKUP","label":"lkp_B_CLECT_CO_CDLookupParameter","description":"","uiProperties":{"cnxtype":"Snowflake Cloud Data Warehouse V2","connectionParameterized":"true","logcnx":"lkp_B_CLECT_CO_CDLookupParameter","isCachedLookup":"true","multipleMatchPolicy":"Use Any Value","default":"SALES/PUBLIC/LKP_SRC_lkp_B_CLECT_CO_CD","objectParameterized":"true","objDesc":""},"lookupConnectionId":"@2P8ptnE5cSCiNlRwcyKjKq","lookupObject":"ASQ_SRC_lkp_B_CLECT_CO_CD","lookupObjectLabel":"ASQ_SRC_lkp_B_CLECT_CO_CD","newFlatFile":false,"newObject":false,"showBusinessNames":false,"naturalOrder":false,"truncateTarget":false,"bulkApiDBTarget":false,"customFuncCfg":{"@type":"customFuncConfig","id":-1,"connections":[],"inputMap":[],"outputFields":[]},"tgtFieldRefs":{},"targetUpdateColumns":[],"runtimeAttrs":{},"isRESTModernSource":true,"isFileList":false,"handleSpecialChars":false,"frsAsset":false,"dynamicFileName":false,"currentlyProcessedFileName":false,"tgtObjectAttributes":{},"runtimeParameterData":{"@type":"mtTaskRuntimeParameterData","isConnectionRuntimeParameter":false,"isObjectRuntimeParameter":false,"connectionParameterName":"lkp_B_CLECT_CO_CDLookupParameter"},"overriddenFields":[]},{"@type":"mtTaskParameter","id":2329810,"name":"$lkp_B_SUB_CO_CD$","type":"LOOKUP","label":"lkp_B_SUB_CO_CDLookupParameter","description":"","uiProperties":{"cnxtype":"Snowflake Cloud Data Warehouse V2","connectionParameterized":"true","logcnx":"lkp_B_SUB_CO_CDLookupParameter","isCachedLookup":"true","multipleMatchPolicy":"Use Any Value","default":"SALES/PUBLIC/LKP_SRC_lkp_B_SUB_CO_CD","objectParameterized":"true","objDesc":""},"lookupConnectionId":"@2P8ptnE5cSCiNlRwcyKjKq","lookupObject":"ASQ_SRC_lkp_B_SUB_CO_CD","lookupObjectLabel":"ASQ_SRC_lkp_B_SUB_CO_CD","newFlatFile":false,"newObject":false,"showBusinessNames":false,"naturalOrder":false,"truncateTarget":false,"bulkApiDBTarget":false,"customFuncCfg":{"@type":"customFuncConfig","id":-1,"connections":[],"inputMap":[],"outputFields":[]},"tgtFieldRefs":{},"targetUpdateColumns":[],"runtimeAttrs":{},"isRESTModernSource":true,"isFileList":false,"handleSpecialChars":false,"frsAsset":false,"dynamicFileName":false,"currentlyProcessedFileName":false,"tgtObjectAttributes":{},"runtimeParameterData":{"@type":"mtTaskRuntimeParameterData","isConnectionRuntimeParameter":false,"isObjectRuntimeParameter":false,"connectionParameterName":"lkp_B_SUB_CO_CDLookupParameter"},"overriddenFields":[]},{"@type":"mtTaskParameter","id":2329811,"name":"$lkp_REC_PYBL_SRCE_CD$","type":"LOOKUP","label":"lkp_REC_PYBL_SRCE_CDLookupParameter","description":"","uiProperties":{"cnxtype":"Snowflake Cloud Data Warehouse V2","connectionParameterized":"true","logcnx":"lkp_REC_PYBL_SRCE_CDLookupParameter","isCachedLookup":"true","multipleMatchPolicy":"Use Any Value","default":"SALES/PUBLIC/LKP_SRC_lkp_REC_PYBL_SRCE_CD","objectParameterized":"false","visible":"false"},"lookupConnectionId":"@2P8ptnE5cSCiNlRwcyKjKq","lookupObject":"SALES/PUBLIC/LKP_SRC_lkp_REC_PYBL_SRCE_CD","lookupObjectLabel":"SALES/PUBLIC/LKP_SRC_lkp_REC_PYBL_SRCE_CD","newFlatFile":false,"newObject":false,"showBusinessNames":true,"naturalOrder":true,"truncateTarget":false,"bulkApiDBTarget":false,"lkpFFAttrs":{"@type":"flatFileAttrs","id":571609,"delimiter":"|","textQualifier":"NONE","escapeChar":"","headerLineNo":1,"firstDataRow":2},"customFuncCfg":{"@type":"customFuncConfig","id":-1,"connections":[],"inputMap":[],"outputFields":[]},"tgtFieldRefs":{},"targetUpdateColumns":[],"runtimeAttrs":{},"isRESTModernSource":true,"isFileList":false,"handleSpecialChars":false,"frsAsset":false,"dynamicFileName":false,"currentlyProcessedFileName":false,"tgtObjectAttributes":{},"runtimeParameterData":{"@type":"mtTaskRuntimeParameterData","isConnectionRuntimeParameter":false,"isObjectRuntimeParameter":false,"connectionParameterName":"lkp_REC_PYBL_SRCE_CDLookupParameter"},"overriddenFields":[]},{"@type":"mtTaskParameter","id":2329812,"name":"$seq_gen$","type":"GENERATOR","label":"seq_gen","uiProperties":{"visible":"false"},"newFlatFile":false,"newObject":false,"showBusinessNames":false,"naturalOrder":false,"truncateTarget":false,"bulkApiDBTarget":false,"customFuncCfg":{"@type":"customFuncConfig","id":-1,"connections":[],"inputMap":[],"outputFields":[]},"tgtFieldRefs":{},"targetUpdateColumns":[],"runtimeAttrs":{},"isRESTModernSource":true,"isFileList":false,"handleSpecialChars":false,"frsAsset":false,"dynamicFileName":false,"currentlyProcessedFileName":false,"sequenceGeneratorData":{"@type":"sequenceGeneratorData","sequenceGeneratorId":"@chQaXQyNE6AkcXjzNULbcH"},"tgtObjectAttributes":{},"runtimeParameterData":{"@type":"mtTaskRuntimeParameterData","isConnectionRuntimeParameter":false,"isObjectRuntimeParameter":false},"overriddenFields":[]}],"sequences":[],"inOutParameters":[{"@type":"mtTaskInOutParameter","id":"-1","name":"CYCLEID","description":"","initialValue":"","datatype":"STRING","precision":"100001","scale":"0","retentionPolicy":"NEVER","aggregationType":"MAX","currentValue":""},{"@type":"mtTaskInOutParameter","id":"-1","name":"OPS_SCHEMA","description":"","initialValue":"","datatype":"STRING","precision":"128","scale":"0","retentionPolicy":"NEVER","aggregationType":"MAX","currentValue":""},{"@type":"mtTaskInOutParameter","id":"-1","name":"SRC_SCHEMA","description":"","initialValue":"","datatype":"STRING","precision":"107","scale":"0","retentionPolicy":"NEVER","aggregationType":"MAX","currentValue":""},{"@type":"mtTaskInOutParameter","id":"-1","name":"PROCESS_NM","description":"","initialValue":"","datatype":"STRING","precision":"213","scale":"0","retentionPolicy":"NEVER","aggregationType":"MAX","currentValue":""},{"@type":"mtTaskInOutParameter","id":"-1","name":"DWCYCLEID","description":"","initialValue":"","datatype":"STRING","precision":"100000","scale":"0","retentionPolicy":"NEVER","aggregationType":"MAX","currentValue":""},{"@type":"mtTaskInOutParameter","id":"-1","name":"SYS_SRCE_CD","description":"","initialValue":"","datatype":"STRING","precision":"100","scale":"0","retentionPolicy":"NEVER","aggregationType":"MAX","currentValue":""},{"@type":"mtTaskInOutParameter","id":"-1","name":"CURR_AYM","description":"","initialValue":"","datatype":"STRING","precision":"21","scale":"0","retentionPolicy":"NEVER","aggregationType":"MAX","currentValue":""},{"@type":"mtTaskInOutParameter","id":"-1","name":"ENV","description":"","initialValue":"","datatype":"STRING","precision":"49","scale":"0","retentionPolicy":"NEVER","aggregationType":"MAX","currentValue":""},{"@type":"mtTaskInOutParameter","id":"-1","name":"SRCE_SYS_SRCE_CD","description":"","initialValue":"","datatype":"STRING","precision":"114","scale":"0","retentionPolicy":"NEVER","aggregationType":"MAX","currentValue":""},{"@type":"mtTaskInOutParameter","id":"-1","name":"WRK_CEDED_PF","description":"","initialValue":"","datatype":"STRING","precision":"113","scale":"0","retentionPolicy":"NEVER","aggregationType":"MAX","currentValue":""},{"@type":"mtTaskInOutParameter","id":"-1","name":"WRK_AYM_PREM","description":"","initialValue":"","datatype":"STRING","precision":"214","scale":"0","retentionPolicy":"NEVER","aggregationType":"MAX","currentValue":""}],"connRuntimeAttrs":[]}]