[{"@type":"mtTask","id":"@1","name":"s_m_emp_src_2_ff_postsql_src_partial_parm_nooverride","description":"\nConverted using O2N","runtimeEnvironmentId":"@8oEf67019DVeZYKiIGLb8n","maxLogs":10,"verbose":false,"mappingId":"@0iK6z996fg3jf2vPZevyC8","shortDescription":"\nConverted using O2N","sessionPropertiesList":[{"name":"Additional Concurrent Pipelines for Lookup Cache Creation","value":"Auto","recommended":false},{"name":"Allow Pushdown for User Incompatible Connections","value":"NO","recommended":false},{"name":"Allow Temporary Sequence for Pushdown","value":"NO","recommended":false},{"name":"Allow Temporary View for Pushdown","value":"NO","recommended":false},{"name":"Cache LOOKUP() function","value":"YES","recommended":false},{"name":"Commit Interval","value":"10000","recommended":false},{"name":"Commit On End Of File","value":"YES","recommended":false},{"name":"Commit Type","value":"Target","recommended":false},{"name":"Constraint based load ordering","value":"NO","recommended":false},{"name":"Data Column Delimiter","value":"|","recommended":false},{"name":"DateTime Format String","value":"MM/DD/YYYY HH24:MI:SS.US","recommended":false},{"name":"Default buffer block size","value":"Auto","recommended":false},{"name":"DTM buffer size","value":"24000000","recommended":false},{"name":"Error Log File Name","value":"PMError.log","recommended":false},{"name":"Error Log Type","value":"None","recommended":false},{"name":"Incremental Aggregation","value":"NO","recommended":false},{"name":"Line Sequential buffer length","value":"1024","recommended":false},{"name":"Log Row Data","value":"YES","recommended":false},{"name":"Log Source Row Data","value":"NO","recommended":false},{"name":"Maximum Memory Allowed For Auto Memory Attributes","value":"512MB","recommended":false},{"name":"Maximum Percentage of Total Memory Allowed For Auto Memory Attributes","value":"5","recommended":false},{"name":"On Pre-Post SQL error","value":"Stop","recommended":false},{"name":"On Pre-session command task error","value":"Stop","recommended":false},{"name":"On Stored Procedure error","value":"Stop","recommended":false},{"name":"Override tracing","value":"None","recommended":false},{"name":"Pre 85 Timestamp Compatibility","value":"NO","recommended":false},{"name":"Pushdown Optimization","value":"None","recommended":false},{"name":"Rollback Transactions on Errors","value":"NO","recommended":false},{"name":"Session Log File directory","value":"$PMSessionLogDir\\","recommended":false},{"name":"Session Log File Name","value":"s_m_emp_src_2_ff_postsql_src_partial_parm_nooverride.log","recommended":false},{"name":"Session retry on deadlock","value":"NO","recommended":false},{"name":"Session Sort Order","value":"BINARY","recommended":false},{"name":"Stop on errors","value":"0","recommended":false},{"name":"Treat source rows as","value":"Insert","recommended":false},{"name":"Write Backward Compatible Session Log File","value":"NO","recommended":false}],"enableCrossSchemaPushdown":false,"enableParallelRun":false,"autoTunedApplied":false,"autoTunedAppliedType":"NONE","parameterFileName":"","parameterFileDir":"","schemaMode":"async","serverlessProperties":{},"taskProperties":[{"@type":"taskProperty","name":"parameterFileDir","currentValue":"","type":"STRING","label":"label.parameterFileDir","required":false},{"@type":"taskProperty","name":"parameterFileName","currentValue":"","type":"STRING","label":"label.parameterFileName","required":false}],"parameters":[{"@type":"mtTaskParameter","id":2329821,"name":"$SQ_emp_src$","type":"EXTENDED_SOURCE","label":"SQ_emp_srcSrcParameter","description":"","uiProperties":{"cnxtype":"Amazon Redshift v2","connectionParameterized":"true","logcnx":"SQ_emp_srcSrcParameter","isMsrcFilterParameterized":"false","isMsrcSortParameterized":"false","objectParameterized":"false","visible":"false"},"sourceConnectionId":"@4jD4XUeVq1FeINWYNS1GWy","newFlatFile":false,"newObject":false,"showBusinessNames":true,"naturalOrder":true,"truncateTarget":false,"bulkApiDBTarget":false,"srcFFAttrs":{"@type":"flatFileAttrs","id":571614,"delimiter":"|","textQualifier":"NONE","escapeChar":"","headerLineNo":1,"firstDataRow":2},"customFuncCfg":{"@type":"customFuncConfig","id":-1,"connections":[],"inputMap":[],"outputFields":[]},"tgtFieldRefs":{},"targetUpdateColumns":[],"extendedObject":{"@type":"extendedObject","object":{"@type":"mObject","name":"public/emp_src","label":"public/emp_src","metadataUpdated":false,"relations":[],"children":[]},"filters":[],"sortFields":[]},"runtimeAttrs":{},"isRESTModernSource":true,"isFileList":false,"handleSpecialChars":false,"frsAsset":false,"dynamicFileName":false,"currentlyProcessedFileName":false,"tgtObjectAttributes":{},"runtimeParameterData":{"@type":"mtTaskRuntimeParameterData","isConnectionRuntimeParameter":false,"isObjectRuntimeParameter":false,"connectionParameterName":"SQ_emp_srcSrcParameter"},"overriddenFields":[]},{"@type":"mtTaskParameter","id":2329822,"name":"$emp_tgt_ff$","type":"TARGET","label":"emp_tgt_ffTgtParameter","description":"","uiProperties":{"cnxtype":"CSVFile","connectionParameterized":"true","logcnx":"emp_tgt_ffTgtParameter","default":"emp_tgt_ff.out","objectParameterized":"false","visible":"false","defaultTargetUpdateColumns":""},"targetConnectionId":"@awHZMFeiVNBfuw5Xld01sW","targetObject":"emp_tgt_ff.out","targetObjectLabel":"emp_tgt_ff.out","newFlatFile":false,"newObject":false,"showBusinessNames":true,"naturalOrder":true,"truncateTarget":false,"bulkApiDBTarget":false,"operationType":"Insert","tgtFFAttrs":{"@type":"flatFileAttrs","id":571615,"delimiter":",","textQualifier":"DOUBLE","escapeChar":"","headerLineNo":1},"customFuncCfg":{"@type":"customFuncConfig","id":-1,"connections":[],"inputMap":[],"outputFields":[]},"tgtFieldRefs":{},"targetUpdateColumns":[],"extendedObject":{"@type":"extendedObject","filters":[],"sortFields":[]},"runtimeAttrs":{},"isRESTModernSource":true,"isFileList":false,"handleSpecialChars":false,"frsAsset":false,"dynamicFileName":false,"currentlyProcessedFileName":false,"tgtObjectAttributes":{},"runtimeParameterData":{"@type":"mtTaskRuntimeParameterData","isConnectionRuntimeParameter":false,"isObjectRuntimeParameter":false,"connectionParameterName":"emp_tgt_ffTgtParameter"},"overriddenFields":[]}],"sequences":[],"inOutParameters":[{"@type":"mtTaskInOutParameter","id":"-1","name":"COLLIST","description":"","initialValue":"","datatype":"STRING","precision":"255","scale":"0","retentionPolicy":"NEVER","aggregationType":"MAX","currentValue":""},{"@type":"mtTaskInOutParameter","id":"-1","name":"TBLNAME","description":"","initialValue":"","datatype":"STRING","precision":"100","scale":"0","retentionPolicy":"NEVER","aggregationType":"MAX","currentValue":""}],"connRuntimeAttrs":[]}]